user_id,created_at
1,2026-05-05 15:12:05
2,2026-05-05 15:12:05
3,2026-05-05 15:12:05
4,2026-05-05 15:12:05
5,2026-05-05 15:12:05
6,2026-05-05 15:12:05
7,2026-05-05 15:12:05
8,2026-05-05 15:12:05
9,2026-05-05 15:12:05
10,2026-05-05 15:12:05
11,2026-05-05 15:12:05
12,2026-05-05 15:12:05
13,2026-05-05 15:12:05
14,2026-05-05 15:12:05
15,2026-05-05 15:12:05
16,2026-05-05 15:12:05
17,2026-05-05 15:12:05
18,2026-05-05 15:12:05
19,2026-05-05 15:12:05
20,2026-05-05 15:12:05
21,2026-05-05 15:12:05
22,2026-05-05 15:12:05
23,2026-05-05 15:12:05
24,2026-05-05 15:12:05
25,2026-05-05 15:12:05
26,2026-05-05 15:12:05
27,2026-05-05 15:12:05
28,2026-05-05 15:12:05
29,2026-05-05 15:12:05
30,2026-05-05 15:12:05
31,2026-05-05 15:12:05
32,2026-05-05 15:12:05
33,2026-05-05 15:12:05
34,2026-05-05 15:12:05
35,2026-05-05 15:12:05
36,2026-05-05 15:12:05
37,2026-05-05 15:12:05
38,2026-05-05 15:12:05
39,2026-05-05 15:12:05
40,2026-05-05 15:12:05
41,2026-05-05 15:12:05
42,2026-05-05 15:12:05
43,2026-05-05 15:12:05
44,2026-05-05 15:12:05
45,2026-05-05 15:12:05
46,2026-05-05 15:12:05
47,2026-05-05 15:12:05
48,2026-05-05 15:12:05
49,2026-05-05 15:12:05
50,2026-05-05 15:12:05
51,2026-05-05 15:12:05
52,2026-05-05 15:12:05
53,2026-05-05 15:12:05
54,2026-05-05 15:12:05
55,2026-05-05 15:12:05
56,2026-05-05 15:12:05
57,2026-05-05 15:12:05
58,2026-05-05 15:12:05
59,2026-05-05 15:12:05
60,2026-05-05 15:12:05
61,2026-05-05 15:12:05
62,2026-05-05 15:12:05
63,2026-05-05 15:12:05
64,2026-05-05 15:12:05
65,2026-05-05 15:12:05
66,2026-05-05 15:12:05
67,2026-05-05 15:12:05
68,2026-05-05 15:12:05
69,2026-05-05 15:12:05
70,2026-05-05 15:12:05
71,2026-05-05 15:12:05
72,2026-05-05 15:12:05
73,2026-05-05 15:12:05
74,2026-05-05 15:12:05
75,2026-05-05 15:12:05
76,2026-05-05 15:12:05
77,2026-05-05 15:12:05
78,2026-05-05 15:12:05
79,2026-05-05 15:12:05
80,2026-05-05 15:12:05
81,2026-05-05 15:12:05
82,2026-05-05 15:12:05
83,2026-05-05 15:12:05
84,2026-05-05 15:12:05
85,2026-05-05 15:12:05
86,2026-05-05 15:12:05
87,2026-05-05 15:12:05
88,2026-05-05 15:12:05
89,2026-05-05 15:12:05
90,2026-05-05 15:12:05
91,2026-05-05 15:12:05
92,2026-05-05 15:12:05
93,2026-05-05 15:12:05
94,2026-05-05 15:12:05
95,2026-05-05 15:12:05
96,2026-05-05 15:12:05
97,2026-05-05 15:12:05
98,2026-05-05 15:12:05
99,2026-05-05 15:12:05
100,2026-05-05 15:12:05
101,2026-05-05 15:12:05
102,2026-05-05 15:12:05
103,2026-05-05 15:12:05
104,2026-05-05 15:12:05
105,2026-05-05 15:12:05
106,2026-05-05 15:12:05
107,2026-05-05 15:12:05
108,2026-05-05 15:12:05
109,2026-05-05 15:12:05
110,2026-05-05 15:12:05
111,2026-05-05 15:12:05
112,2026-05-05 15:12:05
113,2026-05-05 15:12:05
114,2026-05-05 15:12:05
115,2026-05-05 15:12:05
116,2026-05-05 15:12:05
117,2026-05-05 15:12:05
118,2026-05-05 15:12:05
119,2026-05-05 15:12:05
120,2026-05-05 15:12:05
121,2026-05-05 15:12:05
122,2026-05-05 15:12:05
123,2026-05-05 15:12:05
124,2026-05-05 15:12:05
125,2026-05-05 15:12:05
126,2026-05-05 15:12:05
127,2026-05-05 15:12:05
128,2026-05-05 15:12:05
129,2026-05-05 15:12:05
130,2026-05-05 15:12:05
131,2026-05-05 15:12:05
132,2026-05-05 15:12:05
133,2026-05-05 15:12:05
134,2026-05-05 15:12:05
135,2026-05-05 15:12:05
136,2026-05-05 15:12:05
137,2026-05-05 15:12:05
138,2026-05-05 15:12:05
139,2026-05-05 15:12:05
140,2026-05-05 15:12:05
141,2026-05-05 15:12:05
142,2026-05-05 15:12:05
143,2026-05-05 15:12:05
144,2026-05-05 15:12:05
145,2026-05-05 15:12:05
146,2026-05-05 15:12:05
147,2026-05-05 15:12:05
148,2026-05-05 15:12:05
149,2026-05-05 15:12:05
150,2026-05-05 15:12:05
151,2026-05-05 15:12:05
152,2026-05-05 15:12:05
153,2026-05-05 15:12:05
154,2026-05-05 15:12:05
155,2026-05-05 15:12:05
156,2026-05-05 15:12:05
157,2026-05-05 15:12:05
158,2026-05-05 15:12:05
159,2026-05-05 15:12:05
160,2026-05-05 15:12:05
161,2026-05-05 15:12:05
162,2026-05-05 15:12:05
163,2026-05-05 15:12:05
164,2026-05-05 15:12:05
165,2026-05-05 15:12:05
166,2026-05-05 15:12:05
167,2026-05-05 15:12:05
168,2026-05-05 15:12:05
169,2026-05-05 15:12:05
170,2026-05-05 15:12:05
171,2026-05-05 15:12:05
172,2026-05-05 15:12:05
173,2026-05-05 15:12:05
174,2026-05-05 15:12:05
175,2026-05-05 15:12:05
176,2026-05-05 15:12:05
177,2026-05-05 15:12:05
178,2026-05-05 15:12:05
179,2026-05-05 15:12:05
180,2026-05-05 15:12:05
181,2026-05-05 15:12:05
182,2026-05-05 15:12:05
183,2026-05-05 15:12:05
184,2026-05-05 15:12:05
185,2026-05-05 15:12:05
186,2026-05-05 15:12:05
187,2026-05-05 15:12:05
188,2026-05-05 15:12:05
189,2026-05-05 15:12:05
190,2026-05-05 15:12:05
191,2026-05-05 15:12:05
192,2026-05-05 15:12:05
193,2026-05-05 15:12:05
194,2026-05-05 15:12:05
195,2026-05-05 15:12:05
196,2026-05-05 15:12:05
197,2026-05-05 15:12:05
198,2026-05-05 15:12:05
199,2026-05-05 15:12:05
200,2026-05-05 15:12:05
201,2026-05-05 15:12:05
202,2026-05-05 15:12:05
203,2026-05-05 15:12:05
204,2026-05-05 15:12:05
205,2026-05-05 15:12:05
206,2026-05-05 15:12:05
207,2026-05-05 15:12:05
208,2026-05-05 15:12:05
209,2026-05-05 15:12:05
210,2026-05-05 15:12:05
211,2026-05-05 15:12:05
212,2026-05-05 15:12:05
213,2026-05-05 15:12:05
214,2026-05-05 15:12:05
215,2026-05-05 15:12:05
216,2026-05-05 15:12:05
217,2026-05-05 15:12:05
218,2026-05-05 15:12:05
219,2026-05-05 15:12:05
220,2026-05-05 15:12:05
221,2026-05-05 15:12:05
222,2026-05-05 15:12:05
223,2026-05-05 15:12:05
224,2026-05-05 15:12:05
225,2026-05-05 15:12:05
226,2026-05-05 15:12:05
227,2026-05-05 15:12:05
228,2026-05-05 15:12:05
229,2026-05-05 15:12:05
230,2026-05-05 15:12:05
231,2026-05-05 15:12:05
232,2026-05-05 15:12:05
233,2026-05-05 15:12:05
234,2026-05-05 15:12:05
235,2026-05-05 15:12:05
236,2026-05-05 15:12:05
237,2026-05-05 15:12:05
238,2026-05-05 15:12:05
239,2026-05-05 15:12:05
240,2026-05-05 15:12:05
241,2026-05-05 15:12:05
242,2026-05-05 15:12:05
243,2026-05-05 15:12:05
244,2026-05-05 15:12:05
245,2026-05-05 15:12:05
246,2026-05-05 15:12:05
247,2026-05-05 15:12:05
248,2026-05-05 15:12:05
249,2026-05-05 15:12:05
250,2026-05-05 15:12:05
251,2026-05-05 15:12:05
252,2026-05-05 15:12:05
253,2026-05-05 15:12:05
254,2026-05-05 15:12:05
255,2026-05-05 15:12:05
256,2026-05-05 15:12:05
257,2026-05-05 15:12:05
258,2026-05-05 15:12:05
259,2026-05-05 15:12:05
260,2026-05-05 15:12:05
261,2026-05-05 15:12:05
262,2026-05-05 15:12:05
263,2026-05-05 15:12:05
264,2026-05-05 15:12:05
265,2026-05-05 15:12:05
266,2026-05-05 15:12:05
267,2026-05-05 15:12:05
268,2026-05-05 15:12:05
269,2026-05-05 15:12:05
270,2026-05-05 15:12:05
271,2026-05-05 15:12:05
272,2026-05-05 15:12:05
273,2026-05-05 15:12:05
274,2026-05-05 15:12:05
275,2026-05-05 15:12:05
276,2026-05-05 15:12:05
277,2026-05-05 15:12:05
278,2026-05-05 15:12:05
279,2026-05-05 15:12:05
280,2026-05-05 15:12:05
281,2026-05-05 15:12:05
282,2026-05-05 15:12:05
283,2026-05-05 15:12:05
284,2026-05-05 15:12:05
285,2026-05-05 15:12:05
286,2026-05-05 15:12:05
287,2026-05-05 15:12:05
288,2026-05-05 15:12:05
289,2026-05-05 15:12:05
290,2026-05-05 15:12:05
291,2026-05-05 15:12:05
292,2026-05-05 15:12:05
293,2026-05-05 15:12:05
294,2026-05-05 15:12:05
295,2026-05-05 15:12:05
296,2026-05-05 15:12:05
297,2026-05-05 15:12:05
298,2026-05-05 15:12:05
299,2026-05-05 15:12:05
300,2026-05-05 15:12:05
301,2026-05-05 15:12:05
302,2026-05-05 15:12:05
303,2026-05-05 15:12:05
304,2026-05-05 15:12:05
305,2026-05-05 15:12:05
306,2026-05-05 15:12:05
307,2026-05-05 15:12:05
308,2026-05-05 15:12:05
309,2026-05-05 15:12:05
310,2026-05-05 15:12:05
311,2026-05-05 15:12:05
312,2026-05-05 15:12:05
313,2026-05-05 15:12:05
314,2026-05-05 15:12:05
315,2026-05-05 15:12:05
316,2026-05-05 15:12:05
317,2026-05-05 15:12:05
318,2026-05-05 15:12:05
319,2026-05-05 15:12:05
320,2026-05-05 15:12:05
321,2026-05-05 15:12:05
322,2026-05-05 15:12:05
323,2026-05-05 15:12:05
324,2026-05-05 15:12:05
325,2026-05-05 15:12:05
326,2026-05-05 15:12:05
327,2026-05-05 15:12:05
328,2026-05-05 15:12:05
329,2026-05-05 15:12:05
330,2026-05-05 15:12:05
331,2026-05-05 15:12:05
332,2026-05-05 15:12:05
333,2026-05-05 15:12:05
334,2026-05-05 15:12:05
335,2026-05-05 15:12:05
336,2026-05-05 15:12:05
337,2026-05-05 15:12:05
338,2026-05-05 15:12:05
339,2026-05-05 15:12:05
340,2026-05-05 15:12:05
341,2026-05-05 15:12:05
342,2026-05-05 15:12:05
343,2026-05-05 15:12:05
344,2026-05-05 15:12:05
345,2026-05-05 15:12:05
346,2026-05-05 15:12:05
347,2026-05-05 15:12:05
348,2026-05-05 15:12:05
349,2026-05-05 15:12:05
350,2026-05-05 15:12:05
351,2026-05-05 15:12:05
352,2026-05-05 15:12:05
353,2026-05-05 15:12:05
354,2026-05-05 15:12:05
355,2026-05-05 15:12:05
356,2026-05-05 15:12:05
357,2026-05-05 15:12:05
358,2026-05-05 15:12:05
359,2026-05-05 15:12:05
360,2026-05-05 15:12:05
361,2026-05-05 15:12:05
362,2026-05-05 15:12:05
363,2026-05-05 15:12:05
364,2026-05-05 15:12:05
365,2026-05-05 15:12:05
366,2026-05-05 15:12:05
367,2026-05-05 15:12:05
368,2026-05-05 15:12:05
369,2026-05-05 15:12:05
370,2026-05-05 15:12:05
371,2026-05-05 15:12:05
372,2026-05-05 15:12:05
373,2026-05-05 15:12:05
374,2026-05-05 15:12:05
375,2026-05-05 15:12:05
376,2026-05-05 15:12:05
377,2026-05-05 15:12:05
378,2026-05-05 15:12:05
379,2026-05-05 15:12:05
380,2026-05-05 15:12:05
381,2026-05-05 15:12:05
382,2026-05-05 15:12:05
383,2026-05-05 15:12:05
384,2026-05-05 15:12:05
385,2026-05-05 15:12:05
386,2026-05-05 15:12:05
387,2026-05-05 15:12:05
388,2026-05-05 15:12:05
389,2026-05-05 15:12:05
390,2026-05-05 15:12:05
391,2026-05-05 15:12:05
392,2026-05-05 15:12:05
393,2026-05-05 15:12:05
394,2026-05-05 15:12:05
395,2026-05-05 15:12:05
396,2026-05-05 15:12:05
397,2026-05-05 15:12:05
398,2026-05-05 15:12:05
399,2026-05-05 15:12:05
400,2026-05-05 15:12:05
401,2026-05-05 15:12:05
402,2026-05-05 15:12:05
403,2026-05-05 15:12:05
404,2026-05-05 15:12:05
405,2026-05-05 15:12:05
406,2026-05-05 15:12:05
407,2026-05-05 15:12:05
408,2026-05-05 15:12:05
409,2026-05-05 15:12:05
410,2026-05-05 15:12:05
411,2026-05-05 15:12:05
412,2026-05-05 15:12:05
413,2026-05-05 15:12:05
414,2026-05-05 15:12:05
415,2026-05-05 15:12:05
416,2026-05-05 15:12:05
417,2026-05-05 15:12:05
418,2026-05-05 15:12:05
419,2026-05-05 15:12:05
420,2026-05-05 15:12:05
421,2026-05-05 15:12:05
422,2026-05-05 15:12:05
423,2026-05-05 15:12:05
424,2026-05-05 15:12:05
425,2026-05-05 15:12:05
426,2026-05-05 15:12:05
427,2026-05-05 15:12:05
428,2026-05-05 15:12:05
429,2026-05-05 15:12:05
430,2026-05-05 15:12:05
431,2026-05-05 15:12:05
432,2026-05-05 15:12:05
433,2026-05-05 15:12:05
434,2026-05-05 15:12:05
435,2026-05-05 15:12:05
436,2026-05-05 15:12:05
437,2026-05-05 15:12:05
438,2026-05-05 15:12:05
439,2026-05-05 15:12:05
440,2026-05-05 15:12:05
441,2026-05-05 15:12:05
442,2026-05-05 15:12:05
443,2026-05-05 15:12:05
444,2026-05-05 15:12:05
445,2026-05-05 15:12:05
446,2026-05-05 15:12:05
447,2026-05-05 15:12:05
448,2026-05-05 15:12:05
449,2026-05-05 15:12:05
450,2026-05-05 15:12:05
451,2026-05-05 15:12:05
452,2026-05-05 15:12:05
453,2026-05-05 15:12:05
454,2026-05-05 15:12:05
455,2026-05-05 15:12:05
456,2026-05-05 15:12:05
457,2026-05-05 15:12:05
458,2026-05-05 15:12:05
459,2026-05-05 15:12:05
460,2026-05-05 15:12:05
461,2026-05-05 15:12:05
462,2026-05-05 15:12:05
463,2026-05-05 15:12:05
464,2026-05-05 15:12:05
465,2026-05-05 15:12:05
466,2026-05-05 15:12:05
467,2026-05-05 15:12:05
468,2026-05-05 15:12:05
469,2026-05-05 15:12:05
470,2026-05-05 15:12:05
471,2026-05-05 15:12:05
472,2026-05-05 15:12:05
473,2026-05-05 15:12:05
474,2026-05-05 15:12:05
475,2026-05-05 15:12:05
476,2026-05-05 15:12:05
477,2026-05-05 15:12:05
478,2026-05-05 15:12:05
479,2026-05-05 15:12:05
480,2026-05-05 15:12:05
481,2026-05-05 15:12:05
482,2026-05-05 15:12:05
483,2026-05-05 15:12:05
484,2026-05-05 15:12:05
485,2026-05-05 15:12:05
486,2026-05-05 15:12:05
487,2026-05-05 15:12:05
488,2026-05-05 15:12:05
489,2026-05-05 15:12:05
490,2026-05-05 15:12:05
491,2026-05-05 15:12:05
492,2026-05-05 15:12:05
493,2026-05-05 15:12:05
494,2026-05-05 15:12:05
495,2026-05-05 15:12:05
496,2026-05-05 15:12:05
497,2026-05-05 15:12:05
498,2026-05-05 15:12:05
499,2026-05-05 15:12:05
500,2026-05-05 15:12:05
501,2026-05-05 15:12:05
502,2026-05-05 15:12:05
503,2026-05-05 15:12:05
504,2026-05-05 15:12:05
505,2026-05-05 15:12:05
506,2026-05-05 15:12:05
507,2026-05-05 15:12:05
508,2026-05-05 15:12:05
509,2026-05-05 15:12:05
510,2026-05-05 15:12:05
511,2026-05-05 15:12:05
512,2026-05-05 15:12:05
513,2026-05-05 15:12:05
514,2026-05-05 15:12:05
515,2026-05-05 15:12:05
516,2026-05-05 15:12:05
517,2026-05-05 15:12:05
518,2026-05-05 15:12:05
519,2026-05-05 15:12:05
520,2026-05-05 15:12:05
521,2026-05-05 15:12:05
522,2026-05-05 15:12:05
523,2026-05-05 15:12:05
524,2026-05-05 15:12:05
525,2026-05-05 15:12:05
526,2026-05-05 15:12:05
527,2026-05-05 15:12:05
528,2026-05-05 15:12:05
529,2026-05-05 15:12:05
530,2026-05-05 15:12:05
531,2026-05-05 15:12:05
532,2026-05-05 15:12:05
533,2026-05-05 15:12:05
534,2026-05-05 15:12:05
535,2026-05-05 15:12:05
536,2026-05-05 15:12:05
537,2026-05-05 15:12:05
538,2026-05-05 15:12:05
539,2026-05-05 15:12:05
540,2026-05-05 15:12:05
541,2026-05-05 15:12:05
542,2026-05-05 15:12:05
543,2026-05-05 15:12:05
544,2026-05-05 15:12:05
545,2026-05-05 15:12:05
546,2026-05-05 15:12:05
547,2026-05-05 15:12:05
548,2026-05-05 15:12:05
549,2026-05-05 15:12:05
550,2026-05-05 15:12:05
551,2026-05-05 15:12:05
552,2026-05-05 15:12:05
553,2026-05-05 15:12:05
554,2026-05-05 15:12:05
555,2026-05-05 15:12:05
556,2026-05-05 15:12:05
557,2026-05-05 15:12:05
558,2026-05-05 15:12:05
559,2026-05-05 15:12:05
560,2026-05-05 15:12:05
561,2026-05-05 15:12:05
562,2026-05-05 15:12:05
563,2026-05-05 15:12:05
564,2026-05-05 15:12:05
565,2026-05-05 15:12:05
566,2026-05-05 15:12:05
567,2026-05-05 15:12:05
568,2026-05-05 15:12:05
569,2026-05-05 15:12:05
570,2026-05-05 15:12:05
571,2026-05-05 15:12:05
572,2026-05-05 15:12:05
573,2026-05-05 15:12:05
574,2026-05-05 15:12:05
575,2026-05-05 15:12:05
576,2026-05-05 15:12:05
577,2026-05-05 15:12:05
578,2026-05-05 15:12:05
579,2026-05-05 15:12:05
580,2026-05-05 15:12:05
581,2026-05-05 15:12:05
582,2026-05-05 15:12:05
583,2026-05-05 15:12:05
584,2026-05-05 15:12:05
585,2026-05-05 15:12:05
586,2026-05-05 15:12:05
587,2026-05-05 15:12:05
588,2026-05-05 15:12:05
589,2026-05-05 15:12:05
590,2026-05-05 15:12:05
591,2026-05-05 15:12:05
592,2026-05-05 15:12:05
593,2026-05-05 15:12:05
594,2026-05-05 15:12:05
595,2026-05-05 15:12:05
596,2026-05-05 15:12:05
597,2026-05-05 15:12:05
598,2026-05-05 15:12:05
599,2026-05-05 15:12:05
600,2026-05-05 15:12:05
601,2026-05-05 15:12:05
602,2026-05-05 15:12:05
603,2026-05-05 15:12:05
604,2026-05-05 15:12:05
605,2026-05-05 15:12:05
606,2026-05-05 15:12:05
607,2026-05-05 15:12:05
608,2026-05-05 15:12:05
609,2026-05-05 15:12:05
610,2026-05-05 15:12:05
611,2026-05-05 15:12:05
612,2026-05-05 15:12:05
613,2026-05-05 15:12:05
614,2026-05-05 15:12:05
615,2026-05-05 15:12:05
616,2026-05-05 15:12:05
617,2026-05-05 15:12:05
618,2026-05-05 15:12:05
619,2026-05-05 15:12:05
620,2026-05-05 15:12:05
621,2026-05-05 15:12:05
622,2026-05-05 15:12:05
623,2026-05-05 15:12:05
624,2026-05-05 15:12:05
625,2026-05-05 15:12:05
626,2026-05-05 15:12:05
627,2026-05-05 15:12:05
628,2026-05-05 15:12:05
629,2026-05-05 15:12:05
630,2026-05-05 15:12:05
631,2026-05-05 15:12:05
632,2026-05-05 15:12:05
633,2026-05-05 15:12:05
634,2026-05-05 15:12:05
635,2026-05-05 15:12:05
636,2026-05-05 15:12:05
637,2026-05-05 15:12:05
638,2026-05-05 15:12:05
639,2026-05-05 15:12:05
640,2026-05-05 15:12:05
641,2026-05-05 15:12:05
642,2026-05-05 15:12:05
643,2026-05-05 15:12:05
644,2026-05-05 15:12:05
645,2026-05-05 15:12:05
646,2026-05-05 15:12:05
647,2026-05-05 15:12:05
648,2026-05-05 15:12:05
649,2026-05-05 15:12:05
650,2026-05-05 15:12:05
651,2026-05-05 15:12:05
652,2026-05-05 15:12:05
653,2026-05-05 15:12:05
654,2026-05-05 15:12:05
655,2026-05-05 15:12:05
656,2026-05-05 15:12:05
657,2026-05-05 15:12:05
658,2026-05-05 15:12:05
659,2026-05-05 15:12:05
660,2026-05-05 15:12:05
661,2026-05-05 15:12:05
662,2026-05-05 15:12:05
663,2026-05-05 15:12:05
664,2026-05-05 15:12:05
665,2026-05-05 15:12:05
666,2026-05-05 15:12:05
667,2026-05-05 15:12:05
668,2026-05-05 15:12:05
669,2026-05-05 15:12:05
670,2026-05-05 15:12:05
671,2026-05-05 15:12:05
